{"accuracy": 0.8603425618681488, "best_learner": "lgbm", "best_time": 0.14499902725219727, "learning_rate": 0.7260594590615893}