{"accuracy": 0.8652358248132451, "best_learner": "catboost", "best_time": 2.306452751159668, "learning_rate": 0.09999999999999996}