{"accuracy": 0.8645566648867774, "best_learner": "catboost", "best_time": 1.6132464408874512, "learning_rate": 0.06233639237958607}