{"accuracy": 0.8653305100283015, "best_learner": "catboost", "best_time": 2.4103009700775146, "learning_rate": 0.04171721859304757}