{"accuracy": 0.8652031122595463, "best_learner": "catboost", "best_time": 2.913055181503296, "learning_rate": 0.09999999999999996}