Feature,Importance
CreditScore,11.065777747467282
Geography,2.913459487138594
Gender,1.2332920769052036
Age,25.229303854941737
Tenure,1.409131352408754
Balance,11.313070026030436
NumOfProducts,34.955165342923024
HasCrCard,0.0
IsActiveMember,10.786010789946207
EstimatedSalary,1.0947893222387728
