Feature,Importance
CreditScore,1.572883443412063
Geography,12.658270945899698
Gender,2.8704790035172496
Age,26.20057933905975
Tenure,1.5330100757481555
Balance,10.68268500349963
NumOfProducts,32.960418469381075
HasCrCard,0.3337059611415484
IsActiveMember,9.541932665741946
EstimatedSalary,1.6460350925988811
