Feature,Importance
CreditScore,1.9404587107370448
Geography,12.173179418644414
Gender,3.1730873047896324
Age,26.00831327909981
Tenure,1.913719827544022
Balance,10.268228267996314
NumOfProducts,32.64377743606092
HasCrCard,0.3226814870623321
IsActiveMember,9.730952698865945
EstimatedSalary,1.8256015691995586
