Feature,Importance
CustomerId,10.439779039556859
CreditScore,2.482543744753653
Geography,0.7074749830795226
Gender,0.8769698551018107
Age,27.859343220742485
Tenure,0.8476717264649505
Balance,10.500450836438421
NumOfProducts,35.37813861913125
HasCrCard,0.26911178162848803
IsActiveMember,10.173729077529027
EstimatedSalary,0.46478711557353886
