time history,valid loss,best valid loss
1.297203540802002,0.7775358316747079,0.7775358316747079
2.0413479804992676,0.8139263756796582,0.8139263756796582
3.311251163482666,0.8520707958319877,0.8520707958319877
4.517513036727905,0.8557874260473217,0.8557874260473217
10.521676778793335,0.8565849102966026,0.8565849102966026
25.589431285858154,0.8641827195396214,0.8641827195396214
34.21057915687561,0.8645566648867774,0.8645566648867774
51.65256977081299,0.8653305100283015,0.8653305100283015
