time history,valid loss,best valid loss
1.2147772312164307,0.7775358316747079,0.7775358316747079
1.861250400543213,0.8209761941159843,0.8209761941159843
2.8897905349731445,0.8603425618681488,0.8603425618681488
42.46400022506714,0.8652358248132451,0.8652358248132451
