time history,valid loss,best valid loss
0.7767300605773926,0.7775358316747079,0.7775358316747079
1.8783338069915771,0.8209761941159843,0.8209761941159843
3.2480478286743164,0.8603425618681488,0.8603425618681488
