time history,valid loss,best valid loss
0.9909470081329346,0.7775358316747079,0.7775358316747079
1.7901384830474854,0.8209761941159843,0.8209761941159843
3.2189478874206543,0.8546394826863577,0.8546394826863577
11.587080955505371,0.8604559868046416,0.8604559868046416
43.51205110549927,0.8652031122595463,0.8652031122595463
