time history,valid loss,best valid loss
1.260554552078247,0.7775358316747079,0.7775358316747079
2.140331745147705,0.8139263756796582,0.8139263756796582
3.6143600940704346,0.8520707958319877,0.8520707958319877
5.082271099090576,0.8557874260473217,0.8557874260473217
13.005973815917969,0.8565849102966026,0.8565849102966026
42.674686431884766,0.8641827195396214,0.8641827195396214
53.61927247047424,0.8645566648867774,0.8645566648867774
