time history,valid loss,best valid loss
1.2872800827026367,0.7775358316747079,0.7775358316747079
2.2008631229400635,0.8139263756796582,0.8139263756796582
3.5691704750061035,0.8520707958319877,0.8520707958319877
4.994694948196411,0.8557874260473217,0.8557874260473217
12.967807531356812,0.8565849102966026,0.8565849102966026
42.93208312988281,0.8641827195396214,0.8641827195396214
54.84855890274048,0.8645566648867774,0.8645566648867774
